Flow Duration,Tot Fwd Pkts,Tot Bwd Pkts,TotLen Fwd Pkts,TotLen Bwd Pkts,Flow Byts/s,Flow Pkts/s,Flow IAT Mean,Fwd IAT Mean,Bwd IAT Mean,Fwd Seg Size Avg,Bwd Seg Size Avg,Speed_Burst,Source_IP,Destination_IP,Timestamp
46926.80899768591,27,30,6085.514783157972,1054.2440691969166,6026.3088127702185,17.770885194307557,621.5990193872063,4790.416186670972,2302.780189559035,20.70443123455602,22.018650451683047,0.12879526717862685,10.0.0.1,192.168.1.1,2024-01-01 00:00:00
301012.1430917521,14,16,2004.9609889857493,798.1834978784902,327.5285663893017,0.9982152737757894,27247.28923000118,21035.237682432362,1294.1008905710116,11.157803172185742,19.879021968045418,0.001091403446004811,10.0.0.2,192.168.1.2,2024-01-01 00:00:30
131674.56935454495,22,22,6748.61847086923,129.01434281204197,1132.4469450068234,9.63394883878329,4332.824793065384,20253.829191556266,9545.456284794805,21.615838570923906,15.48149069634936,0.008673445647084922,10.0.0.3,192.168.1.3,2024-01-01 00:01:00
91294.25537759533,16,14,4826.143361789701,54.106808495847176,5751.136865599309,3.3891047127677454,1069.4046139193686,16395.126583574474,14900.285583409177,19.261987068506656,21.621796408608017,0.06303203760711851,10.0.0.4,192.168.1.4,2024-01-01 00:01:30
16962.48704623463,18,20,1661.269857775822,13199.933937336906,1088.5142853871002,1.4199848499718524,6652.825488994116,15607.92693564261,10325.55633563709,17.66981749065879,14.104801044200988,0.06425178191644293,10.0.0.5,192.168.1.5,2024-01-01 00:02:00
16959.629191460517,22,20,68.17676843262035,1674.659240676306,2035.1300354602056,10.230030008724246,2967.585630781719,3633.8186959178674,7556.656276864724,12.026484663666022,25.93839694230782,0.12059458657929656,10.0.0.6,192.168.1.6,2024-01-01 00:02:30
5983.8768608680675,13,21,938.70164332946,1455.1161823659536,1013.6486060182792,2.946686627799779,3352.9499259166196,843.8132920074946,428.5658730910904,22.568000532848583,17.676913513508033,0.16986068657369643,10.0.0.7,192.168.1.7,2024-01-01 00:03:00
201123.08644799396,17,26,2340.2632670393887,3414.9979458793414,641.0034601337625,3.6161493455055904,3671.437871612786,5158.049647422997,34574.115297535536,17.336495801690443,21.005798279364196,0.0032050840894481914,10.0.0.8,192.168.1.8,2024-01-01 00:03:30
91908.21536272645,22,14,3011.0919958036093,738.6757678228,8267.541058263549,2.2254497958890394,16246.830199654234,1905.8502336665756,16030.2944884436,14.15041582144856,21.41643935773071,0.08997755530195964,10.0.0.9,192.168.1.9,2024-01-01 00:04:00
123125.00617045903,20,24,894.7640397868166,8984.868761219328,1053.0091516908465,4.494106713425393,7747.071381382604,11872.83150977474,3464.7292863764724,5.638688933591753,18.705475131479613,0.008588788764416148,10.0.0.10,192.168.1.10,2024-01-01 00:04:30
2079.9307999138623,22,23,450.2232564921466,4630.1783456267585,4490.5050136962645,0.8927864880881569,3729.6069575345255,4248.004262131064,39105.40572717218,19.862425474746818,22.933469007376374,2.1583599994628697,10.0.0.11,192.168.1.11,2024-01-01 00:05:00
350355.7475158312,23,14,5404.161261487175,280.99091592302085,522.6116249677809,2.4803545318173676,9424.647609545123,37135.90302127083,9210.0580446948,28.86125798334872,17.62548171688738,0.001498735169859606,10.0.0.12,192.168.1.12,2024-01-01 00:05:30
178642.9543354675,29,18,12481.872489561702,1621.6943221001693,479.3201627577158,17.43579020910572,12593.117246481013,10243.551145361243,8732.855020448504,28.30629607273935,24.35648648728622,0.0027807039696064145,10.0.0.13,192.168.1.13,2024-01-01 00:06:00
23868.7625248947,18,18,2237.6836409162606,6338.82888042256,63.25809819111,1.492929402120031,3183.1174220804605,17286.751754099376,13786.166282050146,17.714518717068643,13.270101598766257,0.0027126800078425026,10.0.0.14,192.168.1.14,2024-01-01 00:06:30
20067.898874966337,17,27,565.0645909802217,8686.684809362496,2109.191717751979,5.346286922585514,5336.663339591021,1421.6820876655945,16700.895338438768,16.988939698191096,20.63189789773206,0.10536392743062797,10.0.0.15,192.168.1.15,2024-01-01 00:07:00
20261.142283225705,25,20,953.6294151867986,1889.962329304177,919.3981083444028,1.9666210219446354,1299.7895952140054,19806.06543336451,10685.058907480496,22.34387128037512,29.694644995291423,0.04547222680047568,10.0.0.16,192.168.1.16,2024-01-01 00:07:30
36275.37294604771,20,19,55.68566223229802,2851.1825177293094,3995.476117653587,7.424458453535825,1998.5356772213872,25608.014486161326,1370.7566198038496,15.008072804058543,14.998343376972127,0.11034456454785226,10.0.0.17,192.168.1.17,2024-01-01 00:08:00
74392.78308608544,27,20,7370.665583080671,548.2871677703956,1281.9062294056273,0.7013338980506838,11429.336926261702,6676.001405482493,4128.938923155083,21.50895949909733,16.611275147375743,0.01724078962108295,10.0.0.18,192.168.1.18,2024-01-01 00:08:30
56553.70667803367,18,20,375.84313153860904,14188.334058278439,6896.164682401602,17.503052272121998,2002.0656148364724,9320.465498249905,26322.515064242063,23.830401391923452,22.569539248294575,0.12224743333977985,10.0.0.19,192.168.1.19,2024-01-01 00:09:00
34422.29925539415,26,22,2577.7220066044674,790.6144950530498,410.4243565216768,3.023754610823689,7447.844997321,14473.607343318377,2543.963878709439,26.13466611942154,20.89790890969799,0.012010705541762182,10.0.0.20,192.168.1.20,2024-01-01 00:09:30
94637.08738997988,22,12,960.8439858083788,8580.027994481665,4059.371009459821,1.346267717488601,12345.909994396856,1921.7630845457927,4654.811094126797,19.499229617600236,21.753150496367795,0.042907854429095865,10.0.0.21,192.168.1.21,2024-01-01 00:10:00
15023.452872733867,21,14,2423.506546220956,3146.43917840568,2997.554609348595,0.38168861277968535,1130.3088352047043,6982.925482163945,5657.69226718731,18.98163124911517,22.445935650738317,0.19953713611774715,10.0.0.22,192.168.1.22,2024-01-01 00:10:30
34551.551200240225,13,14,3161.6659019580807,2807.466668616582,2947.3840877800726,0.9301897005229697,8377.388725681469,5085.998156695678,5787.56540923333,15.610087066217194,23.17360734280885,0.08532841064019892,10.0.0.23,192.168.1.23,2024-01-01 00:11:00
45627.721822084706,21,15,5311.31757726708,2156.5552577773233,3725.865221629178,3.6674917271479073,2964.709600924841,1582.6211104526103,9491.74480552232,15.8655982298007,25.548499209781117,0.08173651516907492,10.0.0.24,192.168.1.24,2024-01-01 00:11:30
60893.4687859775,22,27,693.6075825136076,786.7050841558879,2862.784225207454,2.054925399025833,32948.62971807926,4581.294824567315,28660.35383780196,18.867605540492367,22.049093284642563,0.04704596669814749,10.0.0.25,192.168.1.25,2024-01-01 00:12:00
153793.6011030912,23,22,33.170188895091584,582.6773100701018,1968.1775008471277,8.827049420610788,6607.683713268071,706.0736270411021,2753.4872427418645,21.83682753408089,18.793711726907286,0.012854837140495705,10.0.0.26,192.168.1.26,2024-01-01 00:12:30
22273.586212869028,18,15,441.6242120621716,747.2546958615203,281.38797185516495,2.818385953427962,16398.58717435359,261.5087996881265,1295.4093800495234,24.567923131166246,23.362868506013655,0.012759220534673462,10.0.0.27,192.168.1.27,2024-01-01 00:13:00
72202.91550331278,22,15,6908.314586559545,619.0003906636505,66.13382669997142,1.4298461848792552,7990.112499936112,1452.180323285636,2199.8665189386475,15.984105246598276,29.499409674476077,0.0009357341968767719,10.0.0.28,192.168.1.28,2024-01-01 00:13:30
89750.47213097605,22,15,6211.804056159368,4536.72227271839,5072.766603628528,4.800494582867339,443.8304927986612,32999.53339977108,21797.03081100552,27.46344284479761,19.33683126808713,0.05657363581514968,10.0.0.29,192.168.1.29,2024-01-01 00:14:00
4756.3849756408545,13,14,2729.5329305894775,1292.926923219223,1917.6153788615604,6.134113034796725,10028.059835743523,7974.627665581229,10379.240810762278,18.644381994787157,15.127353476646793,0.40437120429532064,10.0.0.30,192.168.1.30,2024-01-01 00:14:30
93533.30206496101,17,16,2752.751155516041,178.74902499830543,3184.545077863279,0.9138597384292341,30242.005201247328,33761.77831884106,3367.417778790184,19.89316352825782,25.53540334643486,0.03405658530909183,10.0.0.31,192.168.1.31,2024-01-01 00:15:00
18696.125197741643,27,20,3281.2026882225377,10431.252649580323,1313.7167205395892,0.9173263506538034,9203.284227538245,5665.107910082498,16925.311877747205,16.263941604260882,19.398094180232007,0.07031209520108647,10.0.0.32,192.168.1.32,2024-01-01 00:15:30
6726.393087930424,24,22,578.4660859156564,6456.962910078001,249.55832834801606,0.18680364004741368,17103.022147077292,3736.992283307041,19759.467391996954,7.878798698635292,9.136652269929819,0.03712361218138564,10.0.0.33,192.168.1.33,2024-01-01 00:16:00
297368.7793506931,21,11,7374.628682313904,7882.963661420263,267.4874982326768,6.66665060394917,21559.46530154033,7055.069747772997,18741.481279810756,24.42022698180525,24.23710838575211,0.0009219300946963794,10.0.0.34,192.168.1.34,2024-01-01 00:16:30
337063.0342461172,15,24,1627.8289030389542,15840.14930714912,2313.9576298894226,5.450312625735495,2588.740658365002,5789.468906265483,25123.995432742322,23.684219485462165,17.323359070230385,0.006881208633554697,10.0.0.35,192.168.1.35,2024-01-01 00:17:00
165233.15728128765,17,15,1449.3323979836052,573.101089728556,1125.3114398483806,3.2182708481764637,2383.1409418015573,1116.7450059839193,2906.7457241461543,18.593362214408934,19.547333588479198,0.0068298814801070196,10.0.0.36,192.168.1.36,2024-01-01 00:17:30
36328.78599687583,22,18,2195.150797868043,1513.7455646816422,447.59934978327226,9.294962453380752,9441.270647095304,10239.492043974928,14066.682208230553,20.33495358612436,21.659901652845072,0.012576300677244384,10.0.0.37,192.168.1.37,2024-01-01 00:18:00
10277.731500250624,27,22,144.31399287593166,4259.410426443812,1352.9520268186618,8.190991605846756,5293.774323335772,2433.9496199833065,6171.857078521142,22.579696088520496,20.952498398895333,0.132423248762877,10.0.0.38,192.168.1.38,2024-01-01 00:18:30
115275.07630986617,17,19,545.585115147817,3572.3862072640122,132.72610158691933,4.401655068179608,18317.14982168924,9665.002845057637,18451.510870734517,12.187270715567287,23.5472590856952,0.0011895595430095546,10.0.0.39,192.168.1.39,2024-01-01 00:19:00
58009.084258539835,25,20,4018.61727127189,501.3386543805206,1744.4108646499012,10.135053132645012,23028.16353712856,10503.968393246198,13037.588019347568,17.354736613268525,17.822568147150783,0.030245533000139616,10.0.0.40,192.168.1.40,2024-01-01 00:19:30
13015.223395444864,15,13,259.28482701553077,5075.739008958945,626.6655932249148,1.1523592518528678,4360.604784235147,1649.0395155444642,14981.08753865593,23.971323398109135,22.565528990880413,0.04823349549274621,10.0.0.41,192.168.1.41,2024-01-01 00:20:00
68354.72281341502,29,20,2772.606656955347,762.5120017217589,3194.6145800639238,0.5934651069514228,2703.276146084431,633.1220895053139,10675.841906842092,13.728552884153753,18.702266612080415,0.04674382646633071,10.0.0.42,192.168.1.42,2024-01-01 00:20:30
3499.3721443479085,21,17,844.5001008013223,760.1032619089292,743.1767943603876,1.57183902864054,15165.192957924488,15175.954932239301,1953.2019762394586,21.467789660833148,23.694052404437514,0.21276270141492878,10.0.0.43,192.168.1.43,2024-01-01 00:21:00
240042.28873930237,14,16,1479.426770775565,2309.918952872511,1214.747018390625,0.29390553364981353,3213.1612273416576,6158.166220913863,7875.1702419220455,13.217090976882975,23.076837420065267,0.005061757528425896,10.0.0.44,192.168.1.44,2024-01-01 00:21:30
29945.77768406861,26,14,1021.956575862438,2696.383572560757,23.377172101861806,3.7875702141697194,17294.28925519035,599.2390010381586,41779.26595016945,22.332149912167633,15.322806489777022,0.0009071006771617669,10.0.0.45,192.168.1.45,2024-01-01 00:22:00
108625.57985649804,23,21,1318.6454331685604,2603.1175365884023,150.41044461339573,13.791906027009833,5511.933007554102,52719.31976736665,27707.993880074326,19.821792588512583,25.42991058087516,0.0015116222093830656,10.0.0.46,192.168.1.46,2024-01-01 00:22:30
37354.65816576237,18,24,3808.69195991606,287.83770891304124,996.7849941714344,0.20069208204691116,11012.655032053703,595.1708142442368,441.3344611758607,11.924340920472453,17.32018277442976,0.026689014066609323,10.0.0.47,192.168.1.47,2024-01-01 00:23:00
73411.08959092286,20,13,1057.7146188166525,6297.97443387427,1307.6176975600254,0.6511693999155838,1004.120172911258,11875.590135001512,1801.018011507549,25.823696772285857,24.040288991405724,0.017820891276219764,10.0.0.48,192.168.1.48,2024-01-01 00:23:30
79122.37979817975,24,21,2506.9305921171067,926.1044930010466,1832.6842069838267,3.0092162415096544,9777.920690653742,41152.98077656953,1412.5114015268525,16.327042116009753,21.836436567006704,0.023200391943666274,10.0.0.49,192.168.1.49,2024-01-01 00:24:00
20438.859950790575,23,19,1939.0793600707852,416.11398290820097,689.6694301489164,13.581043269379974,6010.56137962785,2733.5861695714702,12945.53854060387,15.948737814928094,29.190918383975614,0.0344058362000223,10.0.0.50,192.168.1.50,2024-01-01 00:24:30
349280.7132736226,26,17,3268.9977692780353,6587.8742954401005,2374.768228778372,1.900128055283935,8833.601040666048,1534.4186123358495,17025.697806958462,21.002845986154714,18.88267008814074,0.0068044454276133415,10.0.0.51,192.168.1.51,2024-01-01 00:25:00
149224.5377138141,18,22,8285.764942538908,9347.029058259837,3933.9750088062046,3.5386125188567257,1839.3991492315793,1294.0840602400935,2401.770083500529,25.743186747143575,18.253416019409013,0.026386325568995138,10.0.0.52,192.168.1.52,2024-01-01 00:25:30
280509.44192915823,21,21,3956.7158137651286,5944.280353424887,3026.9012773951417,0.21230866500525847,13351.213047485326,3613.647059411098,7049.21613839529,14.920890905108015,19.902901970561338,0.010791447067858645,10.0.0.53,192.168.1.53,2024-01-01 00:26:00
225215.19975341967,19,13,725.9868397321419,4974.562409200837,80.8500327954063,0.8028582566820947,19862.942632118775,1065.2320355156148,18369.850704778037,20.30839924923986,18.484101085828623,0.00036255336490664055,10.0.0.54,192.168.1.54,2024-01-01 00:26:30
91105.4412383275,17,16,95.03903647277353,3194.7375035958603,1309.8036830042165,21.573755422666892,2442.903266885394,11781.794699281834,13197.636186471764,22.144082501652864,23.99970950971025,0.014613428209143868,10.0.0.55,192.168.1.55,2024-01-01 00:27:00
254943.5379269405,7,15,912.5079060167636,2401.244344709696,221.70710161909227,16.779021539099546,1006.1021126280096,643.1646379952708,7814.041449537949,23.46552803631572,11.91844695781706,0.0009354431559798109,10.0.0.56,192.168.1.56,2024-01-01 00:27:30
9265.545895311563,25,12,2712.181955619292,273.01469025705245,554.2625655694364,0.024761114869138078,239.2245993157399,7121.712524346369,8924.465045700323,20.882207776386124,14.73158790426823,0.059815958712808946,10.0.0.57,192.168.1.57,2024-01-01 00:28:00
21813.469463126745,14,13,158.38583429932405,1575.0434997307946,8634.365310458867,15.163203993394077,10271.426880495874,57128.79886799935,7100.09650068406,18.164860804583387,14.660985392104035,0.39650418861080533,10.0.0.58,192.168.1.58,2024-01-01 00:28:30
4628.196568683195,24,25,2057.7178680785664,1398.9362358918484,307.45780434611726,5.096048067842505,9341.84973323918,16818.487766767154,3531.788500016205,15.862048896756402,24.75153795986788,0.06751794782887513,10.0.0.59,192.168.1.59,2024-01-01 00:29:00
39353.208680308686,22,15,2725.2865199626804,902.3172704288534,1381.8519124180148,10.121672834882553,7911.954133835657,9550.820766198736,8324.598074681555,20.430719415231874,28.553066862909624,0.03537038685139124,10.0.0.60,192.168.1.60,2024-01-01 00:29:30
49213.02917942186,20,28,1220.495633814301,3855.766739991205,1925.4848699225731,3.0324613454600473,2638.9666294128883,3656.4883308698527,11675.936310968125,14.639304940071966,19.477753907312643,0.039186332910015324,10.0.0.61,192.168.1.61,2024-01-01 00:30:00
31656.04432088257,20,21,4420.949877440204,2054.797451752961,2424.4466297154763,3.624180343488855,4957.826650652052,9778.891428190236,20661.140751074527,5.393247582526964,19.155891384049948,0.07669922641695542,10.0.0.62,192.168.1.62,2024-01-01 00:30:30
176455.7865240934,24,24,338.15674429403396,253.55834170667563,1640.3648480762213,3.3554274975442997,9025.76047539322,7487.475558795342,10114.021548748544,22.182799020788337,20.350260815565907,0.00931514342946131,10.0.0.63,192.168.1.63,2024-01-01 00:31:00
44122.699952987015,19,18,234.33151737674103,746.0887835412494,19.637790769126454,5.496026185327917,6867.017149919159,5552.711613166957,14318.003795855258,24.519674205430977,25.809391513040953,0.0005696216994774688,10.0.0.64,192.168.1.64,2024-01-01 00:31:30
32980.28401342492,25,20,3907.9422306491783,3449.010382791747,790.4196719957203,0.7520872710472859,44051.331633813264,1400.7892586034511,1744.386704891238,8.185337822290808,15.36323432904713,0.02398850690424071,10.0.0.65,192.168.1.65,2024-01-01 00:32:00
78240.7083207746,19,14,2052.510679989206,237.55452058473693,1458.4261871453666,0.15215990459985634,1466.9161261532731,21768.710598120477,6190.745186663759,14.951346476450311,21.191844913673926,0.018641954251178934,10.0.0.66,192.168.1.66,2024-01-01 00:32:30
15189.814782062886,15,17,3498.127967199423,5715.595869132614,183.93783420810144,1.8403404400689043,11879.175624204636,5974.455297927822,93.75432164456157,23.095771305025988,24.87598814891215,0.01222963858841428,10.0.0.67,192.168.1.67,2024-01-01 00:33:00
162048.35957747314,21,15,1711.8719973865718,2050.461132936235,863.4957821673652,6.098491737704197,5180.496008103994,2164.441820614136,2832.636673578669,30.287477348558493,22.505470849699226,0.005366230858131412,10.0.0.68,192.168.1.68,2024-01-01 00:33:30
7747.586881130901,22,20,848.6887612755949,1965.1654123067729,67.53369141104811,1.1273152721830517,5589.653256517157,4584.8518338293525,12963.136856112858,20.10396853837704,20.947908082993717,0.008861100447932273,10.0.0.69,192.168.1.69,2024-01-01 00:34:00
433414.63395873195,30,18,5129.471095713588,2692.4642297642245,163.6753792161745,5.595592046659895,12644.22861419053,5346.56934620134,48048.35440886139,16.35998529385433,25.005230462835705,0.00039055114306040857,10.0.0.70,192.168.1.70,2024-01-01 00:34:30
147948.37762415115,21,17,4819.56469188057,5223.44373883343,1011.4217070711898,17.51815195114605,11790.725753198145,17575.777510905333,1044.4770971109276,19.0855177944758,6.483838535003814,0.006954675143252326,10.0.0.71,192.168.1.71,2024-01-01 00:35:00
22153.944050588594,19,16,3559.346459127364,1282.2544018356457,284.7770118493228,0.49303196860893483,47393.868078643696,13228.103228592783,5133.192567214193,26.874382095740923,23.38937659765454,0.012876134697814906,10.0.0.72,192.168.1.72,2024-01-01 00:35:30
553.7420375935475,18,24,952.9608449640962,3399.761693768553,1676.5348078362415,5.582895419522681,1374.181241365831,14666.583261701917,16097.928189017483,16.770179104377323,16.72962158436288,3.032252090634297,10.0.0.73,192.168.1.73,2024-01-01 00:36:00
168989.6777486126,10,20,2676.4826391703928,2502.280023104921,2338.917126316868,2.9326891987858676,1099.372500406554,110.92560021533863,2282.0086126156375,16.00403996674873,10.846835515717716,0.013857863917199894,10.0.0.74,192.168.1.74,2024-01-01 00:36:30
122709.59073870447,25,18,1343.429926739466,931.9444368032122,3224.7514382215186,10.130158110967582,12885.827656735422,5381.180264409754,8098.719123476157,17.58628238908984,22.556012997624904,0.026361877787881623,10.0.0.75,192.168.1.75,2024-01-01 00:37:00
130566.29087879989,20,14,288.15220381995965,6326.734306321076,446.6627485156944,0.974905495293219,8636.672504679804,6565.147210381607,13207.736825681355,15.233356958706437,26.86829272581479,0.0034284057745098714,10.0.0.76,192.168.1.76,2024-01-01 00:37:30
147521.45260435133,20,29,7478.099530612924,4789.950401258197,366.6022702701539,5.898449381901769,3204.2659245002615,193.788394664463,9570.748371647656,20.613351579973976,19.31275742686154,0.0025250442429335554,10.0.0.77,192.168.1.77,2024-01-01 00:38:00
7692.926551379635,15,21,441.3913464585601,3222.799708154628,220.89763457015135,9.104354307988228,827.5068734779748,3008.5270402182628,2082.8540063345004,28.123392292347802,24.764372736014693,0.029893967318533447,10.0.0.78,192.168.1.78,2024-01-01 00:38:30
44389.267241623245,19,16,9001.471959368288,5703.01715562482,2023.5682294082608,14.467161936901364,895.5087106390794,14283.24681714378,4391.013705229907,21.615396365580146,28.061391289943227,0.045911762149387685,10.0.0.79,192.168.1.79,2024-01-01 00:39:00
12315.010460444966,22,15,1771.8030383726166,6058.86191466159,2451.589879023199,5.74818117492311,22461.18512465589,1474.6771733388928,15315.133748939876,18.738232489368563,26.57457226792024,0.19952386920182436,10.0.0.80,192.168.1.80,2024-01-01 00:39:30
198852.95716582227,18,22,614.1908457403974,3696.735962727933,64.19149347206422,3.437563063057698,2130.29031859964,7663.850452648582,8079.443351961765,18.54094365542228,28.199822646856965,0.0003400940946763596,10.0.0.81,192.168.1.81,2024-01-01 00:40:00
97630.11917123741,20,18,2342.0095384552096,5442.260551862797,5504.388108897818,4.8096742777547075,3906.329929475808,2423.287560768938,52.43335834244976,12.184045956516716,23.71063745535946,0.05642870664539722,10.0.0.82,192.168.1.82,2024-01-01 00:40:30
40181.8801251301,22,18,6189.425382846176,3586.7389931159514,106.74097135801607,10.159164546839555,2570.318300956333,121.9483024877762,14312.530668276238,24.415548885735795,20.377168194507963,0.002909202514623811,10.0.0.83,192.168.1.83,2024-01-01 00:41:00
6566.806580478289,12,19,3952.823337391421,3419.6228751865947,1558.701776191244,4.226945460345029,4384.992348104208,2760.189618502993,359.49877311554206,19.61081401493599,11.990170940514158,0.23796814088544177,10.0.0.84,192.168.1.84,2024-01-01 00:41:30
37248.835041035374,29,19,4928.381478221272,2891.8092570665644,2469.280008122478,0.15429158866952597,719.5136073162984,37244.55023142878,13693.73461353044,19.09760043204687,18.769687559350256,0.0662938318247787,10.0.0.85,192.168.1.85,2024-01-01 00:42:00
39331.42131841314,18,23,3225.713145511208,4191.6611748781925,4095.407104909522,13.364527536495865,7320.123220255348,16171.531579615472,2262.4906865187218,35.965537839224304,15.783767023419042,0.10446271789839014,10.0.0.86,192.168.1.86,2024-01-01 00:42:30
130787.57839577408,19,18,3535.6615084245964,518.0825263838369,2504.1349457440524,5.848287680055751,700.0684637744137,32083.475501912333,31718.367195597857,21.49376454182843,30.85471358748907,0.019191150054622876,10.0.0.87,192.168.1.87,2024-01-01 00:43:00
101488.93589260199,29,27,5675.315964150838,6382.6389541564595,3236.231745193452,5.642987719397445,16112.22042159252,6691.456241111679,4587.721412896034,16.24104474952408,19.120570937838316,0.03194281979193921,10.0.0.88,192.168.1.88,2024-01-01 00:43:30
218225.19124015147,15,22,861.7185466203604,6163.509966428806,829.3654982928672,1.2146599900901198,2661.97307684206,1162.374541951925,3959.0834430335635,17.868212018972283,20.61602403392243,0.0038060516639312485,10.0.0.89,192.168.1.89,2024-01-01 00:44:00
63906.61333763098,13,22,2016.652998513724,89.05053462906605,3372.9091386958467,5.377684968340444,7765.546911485946,7939.834770016944,1612.1160833511892,25.742228545983775,22.75742688020234,0.05286204017377905,10.0.0.90,192.168.1.90,2024-01-01 00:44:30
12737.23936155019,13,15,750.039387318367,5242.942128825941,167.01289951632532,2.5032578244792942,21209.228164897417,6058.276310869285,3647.1318634885724,20.56635205268882,20.218012231862268,0.013307659915112102,10.0.0.91,192.168.1.91,2024-01-01 00:45:00
124912.63443165994,12,16,13186.675252215988,413.89172221126694,4504.100637570432,5.266755678436183,10523.32040410264,18601.90887399809,20927.35612176639,12.808610108413166,28.475255202153765,0.03609988144021169,10.0.0.92,192.168.1.92,2024-01-01 00:45:30
143039.27530768642,25,18,8650.391361961243,1224.4409475279258,1586.343365757859,0.5635653439134802,7613.356325747317,1032.3231608662381,56087.462307090565,24.59614467287602,16.88675319132774,0.011094126655504964,10.0.0.93,192.168.1.93,2024-01-01 00:46:00
82388.74948858288,25,14,120.67530361613727,4081.976409482225,3399.7952193310375,5.362461592329283,3920.5604248414606,6699.017356298462,4593.557682687801,16.65927957230503,20.973037276186215,0.04132987054894778,10.0.0.94,192.168.1.94,2024-01-01 00:46:30
147388.99667213645,14,24,3668.194689587187,525.7753041886896,1204.1219438700928,37.20861454852203,4049.681012238468,1625.7618371792446,5953.140605103695,29.366488881087726,16.28764707150976,0.008422081460385051,10.0.0.95,192.168.1.95,2024-01-01 00:47:00
68081.47315102779,23,16,7780.750672425766,5110.702266475717,2063.2780034401776,0.24706499447150343,11071.09150569736,3925.6259501370446,12803.893712449097,25.400240328573243,13.399887443896471,0.030309196668827205,10.0.0.96,192.168.1.96,2024-01-01 00:47:30
73967.88387772671,17,23,597.45847616355,5353.770891036672,1494.7956279175392,18.899315562811143,51394.96674707304,13369.598780247909,21732.756794630142,17.763390521706246,16.941154545473573,0.020463941918909358,10.0.0.97,192.168.1.97,2024-01-01 00:48:00
55781.41939084273,23,23,2517.608752937707,2124.5859159287907,2630.4756699738414,2.6120284122729864,10842.337269652311,6462.981932916177,8990.510286786168,26.405081808675565,19.81481601475794,0.04720282352648124,10.0.0.98,192.168.1.98,2024-01-01 00:48:30
2574.777399011373,18,16,7412.595792376591,19.2190458522455,170.30979977791233,10.230167305078766,8159.555109679813,4714.258964215926,4968.005994559315,20.339277552637018,17.8534888774137,0.07009144779059145,10.0.0.99,192.168.1.99,2024-01-01 00:49:00
11416.743519186584,18,21,103.60657063263544,1014.9820281355653,124.50006263803016,7.625150284671463,13117.455241928114,5016.615401585782,5320.8644315033725,24.263868375611096,16.53789510063072,0.011571919854450751,10.0.0.100,192.168.1.100,2024-01-01 00:49:30
3193.3681293053824,26,19,3586.2313706786563,2878.5884830912155,567.6543150798328,4.185275529632762,6258.729279824089,6151.621609169232,11894.722687558444,22.423664086472375,12.968412681640832,0.1790149311105895,10.0.0.101,192.168.1.101,2024-01-01 00:50:00
101172.95509275494,23,15,1058.6848942356385,11919.490403923224,347.6229730303001,6.705633929263293,620.2684348321754,15371.94201894464,32.23453352234625,15.768216725045633,19.584472136856526,0.0035021721413848023,10.0.0.102,192.168.1.102,2024-01-01 00:50:30
37739.670879509984,20,20,7746.746014067027,2997.4972472671902,4108.071114004796,10.539845504791698,8262.142601439611,22264.085163237465,9665.039188925852,16.78225083841269,12.476398129844988,0.10912924607669462,10.0.0.103,192.168.1.103,2024-01-01 00:51:00
71043.71771341901,18,28,10627.40976786676,902.5190910303511,494.9083163611079,2.5887503932435134,31612.03427295335,31085.580630222998,4392.696117297495,25.149804087905807,23.80027981844801,0.0070025905199758934,10.0.0.104,192.168.1.104,2024-01-01 00:51:30
238126.55298459754,27,23,8661.521043722923,3015.4125838246514,7448.205618868186,1.9802961239550323,1927.3916294070355,15460.096304556977,15808.374881107959,18.326123339467294,20.412198764672517,0.03128653455517611,10.0.0.105,192.168.1.105,2024-01-01 00:52:00
28673.882298329834,30,21,1928.5842155953746,2329.4910203330137,821.6462486628586,5.506981585861535,11711.98758468258,3789.306256040513,976.0250898985604,17.981757683790015,12.712242502675348,0.028845915447642402,10.0.0.106,192.168.1.106,2024-01-01 00:52:30
52828.19748826726,22,19,5942.432120206075,4540.2756903883965,402.07420795770577,8.247289214855368,2243.1134374225794,11651.839346810204,8872.229893778367,15.224387103253235,18.453954614750682,0.007766945490014091,10.0.0.107,192.168.1.107,2024-01-01 00:53:00
140874.91475385835,17,28,5584.281819897236,339.44105188748716,3118.4261951886947,7.1834168441025605,7674.994260264465,5755.4749336489385,6557.991618936114,22.117995327967307,16.239217972047083,0.02218696941555932,10.0.0.108,192.168.1.108,2024-01-01 00:53:30
25980.5156917394,22,19,1153.0215645586031,4294.225442209448,2150.032410683037,7.992827382238877,1016.7448370236089,2939.290402489777,10281.319964746446,30.312624596215727,21.5958725520959,0.08306002096526653,10.0.0.109,192.168.1.109,2024-01-01 00:54:00
8010.427855017637,24,26,5296.79262418396,2337.8580572096685,1379.0902174468677,2.8598124837094323,5985.1165784588065,18380.437261905783,670.5217851068186,14.662335428728635,26.70225223011572,0.17249734441096515,10.0.0.110,192.168.1.110,2024-01-01 00:54:30
34214.03038870571,13,21,113.12938580672918,9889.863833302998,1620.9965982312413,8.514190531929316,14112.566585424567,391.84116743756056,8674.619670881442,20.12109728336379,10.624137651771278,0.04762558355935489,10.0.0.111,192.168.1.111,2024-01-01 00:55:00
17580.835850006286,11,10,2721.0259208634207,1255.0682699673334,2540.2378794579326,0.6403548132678573,4270.537614854542,23203.620930403722,8243.603206028805,27.061102777077146,20.575130395737087,0.1445172310757464,10.0.0.112,192.168.1.112,2024-01-01 00:55:30
265495.0085880625,19,24,784.1287235918571,3004.0910920350693,518.7198913734135,3.931678141721415,10933.612728760883,6189.259348392796,8224.81893100684,19.601793043771423,19.199336022166797,0.001968585412242747,10.0.0.113,192.168.1.113,2024-01-01 00:56:00
165088.70804845693,18,18,385.43330241493214,8065.982926705654,11217.262464095409,0.02887652758126927,15869.426429163503,10139.076313345575,9250.481327074118,22.26185898124867,23.356700382252328,0.06794664230268373,10.0.0.114,192.168.1.114,2024-01-01 00:56:30
100349.4190520531,22,20,240.22602991314824,324.45899299582385,7361.27995578019,1.9621459547159392,26197.34692704209,10769.112357162623,11284.57057823754,14.688032359265602,21.065983141188447,0.07337529998669456,10.0.0.115,192.168.1.115,2024-01-01 00:57:00
205151.9730520813,12,18,3575.033849064711,8304.761780516306,2101.5061802651135,2.2821728131459307,2674.1168771555563,22549.168980590206,16346.993101159927,22.141535486038244,16.240153341305906,0.010254730027939588,10.0.0.116,192.168.1.116,2024-01-01 00:57:30
162796.89407405563,23,23,1245.9780392057012,3493.157650673907,445.1435569377867,2.5223351759433372,5096.861329145348,10124.428920042712,3144.651861262493,19.064278674977256,18.40473032166691,0.002749826062922472,10.0.0.117,192.168.1.117,2024-01-01 00:58:00
20649.547635863906,18,16,3870.409311661133,210.7429508733249,2280.2955905507374,5.944882510155721,1653.653453224028,9517.45864110872,17432.51688811231,24.928649978399314,16.019870715982556,0.11071088831999633,10.0.0.118,192.168.1.118,2024-01-01 00:58:30
223081.3405235561,18,14,202.76980646842298,1074.1572492847195,149.87474366858658,2.4596767135570325,48906.54962048055,689.772007819054,6896.646162596095,25.936930257823754,25.38003569299299,0.0006828618528236126,10.0.0.119,192.168.1.119,2024-01-01 00:59:00
77509.99019661719,24,20,1136.2811442530347,3694.772985363937,62.26423304723896,2.9773229278196425,26173.090971585723,7306.580419892181,801.8918746336913,32.94781821009307,20.10655824335971,0.0008417071670683668,10.0.0.120,192.168.1.120,2024-01-01 00:59:30
164734.8291303566,19,27,2326.2705432001485,209.17778218428396,595.9575062777931,1.3560532436598896,7764.355987991227,1627.177737566215,603.350260750576,22.898165866067878,29.50595342876504,0.003625887353556794,10.0.0.121,192.168.1.121,2024-01-01 01:00:00
226424.26492862313,13,21,4692.292000013963,2618.045187284891,1242.1106037468778,2.336052002753381,18453.709920619716,13372.51919142745,4068.235083602549,21.628981582910832,19.696695930926897,0.005496059179358464,10.0.0.122,192.168.1.122,2024-01-01 01:00:30
38273.07164183185,11,14,1151.4888211204768,1273.4073945340836,4054.039850381681,1.289125487665244,7359.669552982863,7178.947323254283,15366.381893970083,20.97192150788668,16.457966165447687,0.10595499255524864,10.0.0.123,192.168.1.123,2024-01-01 01:01:00
11659.216012385083,14,20,2949.627259206488,2909.9885714245042,2597.8059576357778,0.3800654412769361,9770.648486217307,11401.463466715082,12299.093840207843,18.23416853594656,12.431428036935865,0.2228248619337198,10.0.0.124,192.168.1.124,2024-01-01 01:01:30
25868.674613938136,23,16,6514.08497617281,140.46371783386454,2715.0758094986436,4.624747976592281,933.4897954302181,425.66119416354354,15540.739964735976,21.692419217308455,10.984301618720275,0.10513083747910412,10.0.0.125,192.168.1.125,2024-01-01 01:02:00
55705.769274861435,32,16,2870.2695272162587,6156.338534630738,1108.4871588148278,5.516307375355344,14076.01435155739,886.0393466847853,7282.958332151881,18.522992949304854,12.079320284972551,0.01999763189808415,10.0.0.126,192.168.1.126,2024-01-01 01:02:30
170382.9726638945,17,21,795.6469288975485,10890.583125433024,849.0970653789652,4.831218650742091,1366.3733522890711,12599.203799829265,5801.739118979032,20.84230488134807,21.335633255057417,0.0050117876152248,10.0.0.127,192.168.1.127,2024-01-01 01:03:00
197134.49718798333,12,24,74.11024123246567,10409.506993475252,927.3713010945941,3.113388075084737,17490.887349353394,748.1442963462634,1595.2638422688283,26.5879876780398,22.54362511614967,0.004720026085826606,10.0.0.128,192.168.1.128,2024-01-01 01:03:30
697.6409181650647,22,20,6122.945059122544,4154.70797088369,8788.12778303301,2.3884517238994993,15233.89067018665,739.2292686901209,3977.838153323653,14.967287173601793,12.094046489839332,12.582309461410638,10.0.0.129,192.168.1.129,2024-01-01 01:04:00
71487.61593385557,19,19,64.49659248078395,418.0835965014173,81.87148408785734,9.951063609473774,12335.55069093609,121.8238000979597,5691.9541721923315,25.699392805645225,24.475191570380577,0.0012844359412733546,10.0.0.130,192.168.1.130,2024-01-01 01:04:30
54027.33209186713,21,15,6231.173299812511,4259.71719348108,4035.2859835114778,3.660290274007968,368.3036805155312,31350.26486219789,927.7387160256174,26.58557533669933,17.5846947415828,0.07475607921632411,10.0.0.131,192.168.1.131,2024-01-01 01:05:00
25116.733827582448,9,18,2258.2911614086634,74.68266684753394,1728.7034827053249,3.261771957576247,3611.5404005155015,13375.360430156608,2492.46221980613,19.409657365044605,20.733965059927748,0.06895388200829584,10.0.0.132,192.168.1.132,2024-01-01 01:05:30
12768.039154564682,19,22,8393.975528377989,67.11584320342159,1154.698162069319,0.12988276971007237,3053.201391791275,4357.976357336992,9118.63780458761,9.390725504957027,28.061103141277123,0.09043969799608616,10.0.0.133,192.168.1.133,2024-01-01 01:06:00
41190.857986243245,17,23,4810.117569069376,1172.9573106516905,2583.843134977741,2.087039407053988,4465.00262019517,3517.379812300988,13305.30906909701,16.960890064527838,24.48419657932766,0.06277770173048305,10.0.0.134,192.168.1.134,2024-01-01 01:06:30
286312.112269115,19,16,18546.583232541976,2012.0630247650404,1333.6686071984282,2.391756824494026,917.2364057237762,4303.264506668801,64054.72880634143,26.484972732805545,18.657346760470837,0.004666430934420899,10.0.0.135,192.168.1.135,2024-01-01 01:07:00
39038.38028814744,21,24,1295.635850544851,4414.34676775157,4133.812682535534,2.5443275709899957,27639.51300892074,14901.161997316503,27047.556044043155,19.88565968850559,15.544038872923563,0.10595344955724986,10.0.0.136,192.168.1.136,2024-01-01 01:07:30
73145.2805760152,23,22,4372.575777334373,3449.3571806724567,4619.256959240749,4.3395552743263535,8069.930187631815,10828.490176285033,10288.023098028725,15.003488838525445,9.240922993353475,0.06321027505575125,10.0.0.137,192.168.1.137,2024-01-01 01:08:00
121408.69768808549,17,13,1542.1470078688226,1771.2449621871256,1095.3974027080496,3.8135855217643444,3645.9812194760216,2048.071551099996,5468.813099485978,17.47612539385891,16.4042334037879,0.009053733014423646,10.0.0.138,192.168.1.138,2024-01-01 01:08:30
45197.449896696235,22,25,1961.0619128555738,959.073487675221,648.2158141702838,4.681256791374099,5058.0743110659905,1912.9288145502192,10110.887957798544,24.203100132522763,18.944348805861527,0.01444512084936305,10.0.0.139,192.168.1.139,2024-01-01 01:09:00
356779.81382916996,27,22,2962.5987228843464,17554.586284970937,1794.6942438818185,7.238365643934406,5927.636022426303,1035.794911943395,15401.526347430927,22.7336678410069,15.06410236424408,0.005050531137553084,10.0.0.140,192.168.1.140,2024-01-01 01:09:30
328200.9864541398,30,17,6206.74219209717,1666.3253703301025,4869.111879047198,8.382852007425823,9177.77670220792,10797.004100335129,1259.4446448603403,18.80533950415153,19.343715164538477,0.014861259018419025,10.0.0.141,192.168.1.141,2024-01-01 01:10:00
29006.12949922053,21,16,12421.191110523927,1801.0861452736287,473.1217979000491,6.3314237191569545,7250.082520454396,14455.03799223716,5274.715511697289,18.165877940926563,20.384259414793842,0.016528806189943398,10.0.0.142,192.168.1.142,2024-01-01 01:10:30
68765.92784638473,28,15,4386.591331017675,536.0303773636671,1950.842915399151,15.563993625021027,25181.570465176464,3079.479495535903,18313.465118380307,18.04120925478089,18.875720090959607,0.028595241500635856,10.0.0.143,192.168.1.143,2024-01-01 01:11:00
35793.046007904675,9,19,1622.6525807734254,4751.450101911925,1996.956000451087,0.09200422291350013,6870.925129207895,211.67418451615129,4842.371702849132,15.387949077507487,16.7499870958827,0.05579274285541727,10.0.0.144,192.168.1.144,2024-01-01 01:11:30
33524.96763810817,18,25,1641.2087274570724,3549.3967141097214,2641.860030253711,1.0893995535625647,48482.632653602355,857.449074569361,8483.336962100451,28.07687844734721,20.84327335983364,0.07883290523740456,10.0.0.145,192.168.1.145,2024-01-01 01:12:00
3758.4477765522533,21,17,4013.453327920997,748.3455883595279,282.13125940532086,0.037958092657078446,19066.651133282805,34376.55002837343,8861.722825317389,18.3883976539433,22.209703247847045,0.07505602797779841,10.0.0.146,192.168.1.146,2024-01-01 01:12:30
94049.20709825931,25,21,818.487360178783,257.9191707071361,2516.32981825422,5.213164632038758,2338.3868383943186,3501.8856530362536,2039.2473795035094,26.085792604127484,14.54800461278577,0.0268106053211756,10.0.0.147,192.168.1.147,2024-01-01 01:13:00
69851.96328296384,19,22,351.20000874198445,3422.9874622117213,4794.50641257849,11.415410050332383,26677.994605888543,14663.040433040202,4497.860945489304,27.606580259612258,27.05466189873135,0.06880054326630004,10.0.0.148,192.168.1.148,2024-01-01 01:13:30
5285.108738039248,25,21,1313.7579947823494,3188.3852832694292,396.12912156028915,1.3951467213888673,1237.1277950994295,9799.32505488038,4072.3360408863496,24.9915544907398,19.507059338578692,0.07520168198982789,10.0.0.149,192.168.1.149,2024-01-01 01:14:00
32662.592101036935,19,24,1015.827319253478,957.557546021219,542.4191833743239,13.088845831118594,17007.295740107256,4811.691558293258,265.4595521466961,17.841898436409757,20.094248114724238,0.017006948515861715,10.0.0.150,192.168.1.150,2024-01-01 01:14:30
2021.730619852085,193,191,30449.051522289614,199.46780916305434,10897.42122761541,421.45018127970314,2506.2499928371726,1474.569733059262,351.77256910463524,28.466570801287556,49.16562030209639,5.595837279470669,10.0.0.151,192.168.1.151,2024-01-01 01:15:00
4890.301719079625,196,214,20664.8759490405,12475.973399332379,7587.84936855425,150.24303624615976,3014.478786587206,1063.1988723472205,1253.247660188759,60.97152711753696,35.5035478030147,1.5820108529834165,10.0.0.152,192.168.1.152,2024-01-01 01:15:30
1896.4580877856865,207,207,987.7130890308398,66208.44442019277,48697.79861959905,287.23417149640477,860.6729434454637,164.3972510280493,1422.9802649098478,45.211625439915956,40.78140186874687,25.816134283240203,10.0.0.153,192.168.1.153,2024-01-01 01:16:00
4138.168226475087,194,191,8927.319174155142,14639.10243169651,76007.714556158,450.1606318808089,441.79900064941404,2086.531282741948,108.15994603859409,41.372242359568794,39.960426279185015,18.471796990273642,10.0.0.154,192.168.1.154,2024-01-01 01:16:30
2574.5135858143217,208,210,62838.210250882286,22635.66426447793,43172.86613479134,37.94485110692194,1549.0443095770986,774.5623605709237,721.2472435450759,56.934789119139936,52.07267329398944,16.77755117421985,10.0.0.155,192.168.1.155,2024-01-01 01:17:00
256.9362740519941,199,210,13878.995879767008,7475.371593797608,7947.600783391258,486.8848016974755,289.0181422787728,331.9439019404437,711.0882749898155,46.0798736008087,50.6934433703625,32.69988145749726,10.0.0.156,192.168.1.156,2024-01-01 01:17:30
4654.848231963549,200,211,11338.36750145098,29743.64261341995,83333.16729073272,1986.360103937694,830.2828409517736,553.7821611877681,460.89447618725677,60.59936384046622,42.78262446662747,18.32523809709491,10.0.0.157,192.168.1.157,2024-01-01 01:18:00
137.5083235802742,195,207,12238.703940999978,29649.1885297936,50523.84941086985,105.42697055766685,444.06841187665356,38.29507570270228,2701.9418337671755,56.17005949576698,51.76820872139398,365.5323743203396,10.0.0.158,192.168.1.158,2024-01-01 01:18:30
1526.9996917856938,184,216,4686.181185051916,14733.458524055131,24564.689738889043,786.5412180781225,1068.9498229877938,136.813115846664,1757.3946801280817,56.83569323200477,44.533199154127345,16.59112308284598,10.0.0.159,192.168.1.159,2024-01-01 01:19:00
306.6220204150312,211,177,9199.709051183403,74605.5516907169,56062.8828533534,1192.4336194756286,274.9618688885096,1450.4990735121403,1194.7137417483798,36.340442887994655,47.283448896739465,186.1222951321315,10.0.0.160,192.168.1.160,2024-01-01 01:19:30
23.55134522896405,191,175,9234.781689040747,2683.208145687498,15048.834729935856,1438.5445179462479,212.6895672844426,0.011634823050432324,1252.9062038255497,62.11943985386401,66.73452090298537,671.5468783531824,10.0.0.161,192.168.1.161,2024-01-01 01:20:00
1096.4813712874752,192,196,1075.5068147219563,341.858401169344,21170.676724698144,1611.1358472240993,2503.955981789687,538.8236502132711,619.3692442292759,52.61250531233856,63.40461051790348,20.758268129140532,10.0.0.162,192.168.1.162,2024-01-01 01:20:30
699.2304383807552,204,194,29183.119432260995,29407.281679195654,124739.27009813524,368.5073610284772,107.36661870379179,739.212440933873,2538.2380757120377,46.307228607537965,37.004187630724026,178.66657974547442,10.0.0.163,192.168.1.163,2024-01-01 01:21:00
1331.0659484463183,237,201,10774.368453275396,32917.42616131892,17160.0566445232,1892.869392429678,705.1345584098176,56.183569156496915,1186.117913334209,51.43388467342251,58.29732417879175,14.303290358240625,10.0.0.164,192.168.1.164,2024-01-01 01:21:30
1721.7115141848146,195,175,34539.65679565796,2561.377737569413,31742.80685649471,707.9856118620868,249.55526889052513,3614.8175362787756,1305.5665773552832,32.2376476710168,58.11396554491592,18.837043928224094,10.0.0.165,192.168.1.165,2024-01-01 01:22:00
89.44893251182512,202,213,37988.85375477715,6173.561286960697,110427.94021308752,88.17258724042813,39.70799371386665,256.3453451831128,1978.2642708715719,54.08652811480671,38.51736711247382,1221.861991415756,10.0.0.166,192.168.1.166,2024-01-01 01:22:30
262.50408776936297,202,168,4764.99288708125,354.16465412930006,61502.38259218661,323.99141606916015,36.6835056113271,362.6911761341702,320.3038769287745,39.706284918179286,58.18777643754861,234.63155555435063,10.0.0.167,192.168.1.167,2024-01-01 01:23:00
1635.7996794564933,211,196,21421.11846942619,6943.224317033132,3211.100623703637,633.5116394606259,192.64074345832685,362.3230247239586,1645.432535124599,36.47329714156466,65.37931918412554,2.348859369547826,10.0.0.168,192.168.1.168,2024-01-01 01:23:30
840.6520323821159,198,188,12783.857155214864,29668.609042562242,7967.553170232788,142.07104998989794,2015.6809818707227,261.90603022539466,217.21193189903326,34.77640813782109,38.77455193755586,9.635364626008364,10.0.0.169,192.168.1.169,2024-01-01 01:24:00
2612.5536771229167,190,196,42431.4107860472,14594.5855114414,393.6248861986807,511.68077623067643,331.9527066680494,1.474909230385058,423.6422441660145,61.12688374989925,40.824971789857365,0.3463887772245591,10.0.0.170,192.168.1.170,2024-01-01 01:24:30
2112.7824425034205,171,192,4860.310939325945,8557.146861866831,49837.33534007458,549.2068727594815,3004.9581125357595,1306.9095710746874,408.8866362702279,43.707366063072115,60.17661466843502,23.837146718448306,10.0.0.171,192.168.1.171,2024-01-01 01:25:00
3736.473798994736,202,188,22652.475567668895,9296.001263187309,29680.789350511688,88.7862718992548,871.3706491738637,3406.576818902749,3840.8876222526155,65.337277099165,52.71495310825648,7.9651596836392615,10.0.0.172,192.168.1.172,2024-01-01 01:25:30
2358.5137282053947,203,194,18717.225956861803,27.090853886956296,7209.390029505175,416.30269385432894,573.7906098150877,253.981030444211,1941.6796763724424,44.64198536947702,55.514762752395235,3.231891653014231,10.0.0.173,192.168.1.173,2024-01-01 01:26:00
1123.9960172080123,198,181,6999.703907803179,7127.800478224141,158425.91716576112,738.387316020698,867.7121011941033,1087.8123934605871,1207.879965984888,32.92642042407053,53.40589216400497,141.4798826370887,10.0.0.174,192.168.1.174,2024-01-01 01:26:30
2235.38608221123,199,200,2937.5648496137505,20795.101731210347,37714.942731423136,345.470472579968,727.1143589950866,1354.3939412806242,1298.4914234202142,38.83475560051341,53.90695920928144,17.018713140251172,10.0.0.175,192.168.1.175,2024-01-01 01:27:00
644.2190399602586,205,203,21090.363271708567,73143.3090857036,13846.556515460237,6.088477943850166,1422.0303685493482,1886.6772280370346,825.7025796841309,62.35811620006939,36.73527871688917,21.46967794728643,10.0.0.176,192.168.1.176,2024-01-01 01:27:30
731.470295761989,205,174,26833.87507570942,37554.29997249383,34717.75260262578,4.539781925452143,331.9768483987264,549.2705793872256,2939.1755305092015,48.441018220633325,60.47317706621448,47.40436927674947,10.0.0.177,192.168.1.177,2024-01-01 01:28:00
3111.6536317006344,196,189,7585.053813203535,477.55566831032996,56912.426313662814,220.82809591005338,435.4868725226266,360.8707420593492,685.6925413210558,44.51712703509399,61.69589992427774,18.355159670739674,10.0.0.178,192.168.1.178,2024-01-01 01:28:30
1182.6962578313507,199,215,20703.321253609964,45765.874984445174,3965.1067385025403,1303.1580885262008,2245.206227380521,393.47991931463537,478.87116568217084,51.60018225852788,47.70609255931972,4.450689771276903,10.0.0.179,192.168.1.179,2024-01-01 01:29:00
3202.744460538693,223,202,10054.864411627348,30575.453814203047,16058.758829254644,129.82388548195848,2927.2611169441507,1246.9545359924232,177.97342794015174,55.01782736167545,49.56523050186138,5.053019338506972,10.0.0.180,192.168.1.180,2024-01-01 01:29:30
3456.6948684437457,201,183,24979.88341665501,30316.77696697999,82244.3151175426,503.05806252761,2230.8062291973074,1697.064750630053,1542.74071788312,61.17398815902461,34.68892497444278,23.931369403140394,10.0.0.181,192.168.1.181,2024-01-01 01:30:00
3897.701664515891,182,190,4443.26251412142,12249.62905712892,30778.28607786736,125.56313986525485,543.775893497494,200.42113164163982,1325.9292819722025,64.48499229892926,55.14254756017835,7.92670275312538,10.0.0.182,192.168.1.182,2024-01-01 01:30:30
4969.059101986354,181,191,44184.627905459834,10150.132519903915,39546.50638029018,194.06068427327784,1515.7904915515273,463.5302399667804,485.0848428490843,46.40231354210914,55.72057441714144,7.995994866274444,10.0.0.183,192.168.1.183,2024-01-01 01:31:00
1127.6977413996185,190,205,6776.9698546923755,7216.97939964626,28353.57584011556,942.0758508770627,646.9045124116817,2322.1777491770326,25.516200954391074,36.73952313917962,49.37808983000689,25.955267399281894,10.0.0.184,192.168.1.184,2024-01-01 01:31:30
767.9948482862944,230,211,9170.54630376678,1359.0438126854174,2244.6354450078516,652.5626528131986,688.2389499473695,1643.478368729371,1826.3343161106416,45.86534838876724,61.24353359870503,3.767513012964207,10.0.0.185,192.168.1.185,2024-01-01 01:32:00
1745.4988597001666,198,167,1196.9524568741217,5181.5130086605495,9061.094871259682,50.13081151833449,229.0108667160451,4190.309538682376,11.483669104263555,52.60280506582886,46.659227690200595,5.216851778730736,10.0.0.186,192.168.1.186,2024-01-01 01:32:30
927.7963659451799,199,209,2364.6875271342274,5663.276170018667,29488.178371113805,279.9221753900893,894.3587635739941,1403.4334383200408,1216.382080660238,40.36241073789389,55.646059258936006,32.05019058855888,10.0.0.187,192.168.1.187,2024-01-01 01:33:00
1837.9595221505267,204,216,14507.70175976812,13235.95769118734,11734.5904124512,14.80182990112607,205.96187747433078,499.5481228836644,3515.165157939812,40.428490851049574,39.80335661307885,6.389152181344526,10.0.0.188,192.168.1.188,2024-01-01 01:33:30
2445.535744738922,191,189,6228.369344514492,27522.477652134316,2563.5609768063423,327.81987731790286,402.81566957291835,893.155023299958,575.6509916369589,53.437878815498856,49.76447849125762,1.1818265317978398,10.0.0.189,192.168.1.189,2024-01-01 01:34:00
2332.1021413481744,211,192,36094.490154940126,12841.851772313097,92782.80231937153,542.9971334477727,1931.229845290355,1081.7972204129242,267.8446810487069,49.51347648429549,48.25645742097164,40.00073455802126,10.0.0.190,192.168.1.190,2024-01-01 01:34:30
938.5770084815598,200,194,296.0481138888341,1191.6978012496816,198675.05515976198,63.066626718479206,232.02765991310307,81.70455545483111,1220.3427641197982,50.327969954115865,52.25307922040942,211.51871532878286,10.0.0.191,192.168.1.191,2024-01-01 01:35:00
365.10765160963274,203,216,9531.513113094143,63301.86808793513,78786.34682838712,170.46051616351724,73.81693700302627,786.3528863524106,1698.9696010093253,42.41504665299931,46.304730711666416,215.66554809059113,10.0.0.192,192.168.1.192,2024-01-01 01:35:30
1126.0960271957222,215,197,8230.03222683286,57197.58324704087,96133.8301134739,253.61324214142516,71.50415706895463,1235.5351233568276,790.6063631889006,47.69599285794233,48.68527404328332,85.51839508780158,10.0.0.193,192.168.1.193,2024-01-01 01:36:00
307.687789972201,203,195,390.33703339754226,30759.984714558355,13852.086135460568,1259.941784148555,2826.572293283546,183.10743031294467,3412.3172364030834,40.757668557316954,58.26047171441506,48.95570349889784,10.0.0.194,192.168.1.194,2024-01-01 01:36:30
4416.314881074133,186,177,2656.1964660917743,94952.88966719886,161733.71774293942,2499.4780379511753,707.0847345157996,1517.0033059741118,53.05138804256164,58.90198411124787,45.63235762761782,37.17941785960139,10.0.0.195,192.168.1.195,2024-01-01 01:37:00
848.9211523478801,217,200,10676.51810951491,15726.415532925796,10965.402342068912,22.97553109084137,526.6367498016638,876.5239671469428,702.7846689285738,60.35249334723753,33.93422899261321,12.928702671776916,10.0.0.196,192.168.1.196,2024-01-01 01:37:30
335.5590070503998,198,205,13579.54438467984,65811.921595658,151237.26591010258,715.6624401502872,1665.366041661833,3041.1855111105137,1267.459247349778,31.538121377619063,67.4958390420542,451.4897095815886,10.0.0.197,192.168.1.197,2024-01-01 01:38:00
51.55430879335332,205,209,10360.017664794439,1572.3170689833964,263140.69659946475,232.3879121527445,1806.8279988809697,43.3484105221125,1985.153492430679,40.7048913980759,63.814540786904864,5011.446074711327,10.0.0.198,192.168.1.198,2024-01-01 01:38:30
2075.9135160412147,208,232,15140.392750266452,9104.057992925536,62191.6390842341,249.16713844208655,403.7531240628876,308.328602809438,197.5435601599549,35.03470744909921,37.07737304894381,30.064230282296016,10.0.0.199,192.168.1.199,2024-01-01 01:39:00
2026.16676599364,208,191,18083.867759270335,5107.686587971822,198545.4944713223,701.7507254976709,1182.9227771663489,920.1829951622437,1609.4553214040425,43.49976065593102,56.897078052451945,98.28853182641664,10.0.0.200,192.168.1.200,2024-01-01 01:39:30
